field,row,column,number,cone_size,date,year,doy,samp_id,depth_cm,resis_kpa
broccoli,1,1,N= 1,1/2 Inch,2020-03-16,2020,76,broccoli_1,0,69
broccoli,1,2,N= 2,1/2 Inch,2020-03-16,2020,76,broccoli_2,0,34
broccoli,1,3,N= 3,1/2 Inch,2020-03-16,2020,76,broccoli_3,0,448
broccoli,1,4,N= 4,1/2 Inch,2020-03-16,2020,76,broccoli_4,0,69
broccoli,1,5,N= 5,1/2 Inch,2020-03-16,2020,76,broccoli_5,0,69
broccoli,2,5,N= 6,1/2 Inch,2020-03-16,2020,76,broccoli_6,0,34
broccoli,2,4,N= 7,1/2 Inch,2020-03-16,2020,76,broccoli_7,0,34
broccoli,2,3,N= 8,1/2 Inch,2020-03-16,2020,76,broccoli_8,0,69
broccoli,2,2,N= 9,1/2 Inch,2020-03-16,2020,76,broccoli_9,0,172
broccoli,2,1,N= 10,1/2 Inch,2020-03-16,2020,76,broccoli_10,0,172
broccoli,3,1,N= 11,1/2 Inch,2020-03-16,2020,76,broccoli_11,0,172
broccoli,3,3,N= 13,1/2 Inch,2020-03-16,2020,76,broccoli_13,0,207
broccoli,3,4,N= 15,1/2 Inch,2020-03-16,2020,76,broccoli_15,0,69
broccoli,3,5,N= 17,1/2 Inch,2020-03-16,2020,76,broccoli_17,0,69
leafbag,2,3,N= 2,1/2 Inch,2020-03-16,2020,76,leafbag_2,0,276
leafbag,3,3,N= 3,1/2 Inch,2020-03-16,2020,76,leafbag_3,0,69
leafbag,4,3,N= 5,1/2 Inch,2020-03-16,2020,76,leafbag_5,0,34
leafbag,4,3,N= 6,1/2 Inch,2020-03-16,2020,76,leafbag_6,0,104
leafbag,5,2,N= 8,1/2 Inch,2020-03-16,2020,76,leafbag_8,0,172
leafbag,4,2,N= 9,1/2 Inch,2020-03-16,2020,76,leafbag_9,0,138
leafbag,3,2,N= 10,1/2 Inch,2020-03-16,2020,76,leafbag_10,0,34
leafbag,2,2,N= 11,1/2 Inch,2020-03-16,2020,76,leafbag_11,0,34
leafbag,1,2,N= 12,1/2 Inch,2020-03-16,2020,76,leafbag_12,0,104
leafbag,1,1,N= 13,1/2 Inch,2020-03-16,2020,76,leafbag_13,0,34
leafbag,3,1,N= 14,1/2 Inch,2020-03-16,2020,76,leafbag_14,0,34
leafbag,4,1,N= 15,1/2 Inch,2020-03-16,2020,76,leafbag_15,0,172
leafbag,5,1,N= 16,1/2 Inch,2020-03-16,2020,76,leafbag_16,0,172
OG,1,4,N= 1,1/2 Inch,2020-03-16,2020,76,OG_1,0,34
OG,2,4,N= 2,1/2 Inch,2020-03-16,2020,76,OG_2,0,207
OG,3,4,N= 3,1/2 Inch,2020-03-16,2020,76,OG_3,0,172
OG,4,4,N= 4,1/2 Inch,2020-03-16,2020,76,OG_4,0,69
OG,4,4,N= 6,1/2 Inch,2020-03-16,2020,76,OG_6,0,34
OG,4,4,N= 7,1/2 Inch,2020-03-16,2020,76,OG_7,0,34
OG,4,3,N= 8,1/2 Inch,2020-03-16,2020,76,OG_8,0,34
OG,3,3,N= 9,1/2 Inch,2020-03-16,2020,76,OG_9,0,34
OG,2,3,N= 10,1/2 Inch,2020-03-16,2020,76,OG_10,0,138
OG,2,2,N= 11,1/2 Inch,2020-03-16,2020,76,OG_11,0,138
OG,3,2,N= 12,1/2 Inch,2020-03-16,2020,76,OG_12,0,483
OG,4,1,N= 14,1/2 Inch,2020-03-16,2020,76,OG_14,0,69
OG,3,1,N= 15,1/2 Inch,2020-03-16,2020,76,OG_15,0,34
OG,2,1,N= 17,1/2 Inch,2020-03-16,2020,76,OG_17,0,138
prairie-trees,2,1,N= 2,1/2 Inch,2020-03-16,2020,76,prairie-trees_2,0,276
prairie-trees,3,1,N= 3,1/2 Inch,2020-03-16,2020,76,prairie-trees_3,0,414
prairie-trees,3,2,N= 4,1/2 Inch,2020-03-16,2020,76,prairie-trees_4,0,69
prairie-trees,3,3,N= 5,1/2 Inch,2020-03-16,2020,76,prairie-trees_5,0,69
prairie-trees,3,4,N= 6,1/2 Inch,2020-03-16,2020,76,prairie-trees_6,0,104
prairie-trees,3,5,N= 7,1/2 Inch,2020-03-16,2020,76,prairie-trees_7,0,69
berries,1,1,N= 1,1/2 Inch,2020-03-16,2020,76,berries_1,0,69
berries,2,1,N= 2,1/2 Inch,2020-03-16,2020,76,berries_2,0,380
berries,3,1,N= 3,1/2 Inch,2020-03-16,2020,76,berries_3,0,207
vineyard,3,1,N= 1,1/2 Inch,2020-03-16,2020,76,vineyard_1,0,104
vineyard,2,1,N= 2,1/2 Inch,2020-03-16,2020,76,vineyard_2,0,586
vineyard,1,1,N= 3,1/2 Inch,2020-03-16,2020,76,vineyard_3,0,69
vineyard,1,2,N= 4,1/2 Inch,2020-03-16,2020,76,vineyard_4,0,483
vineyard,2,2,N= 5,1/2 Inch,2020-03-16,2020,76,vineyard_5,0,414
vineyard,3,2,N= 6,1/2 Inch,2020-03-16,2020,76,vineyard_6,0,724
vineyard,3,3,N= 7,1/2 Inch,2020-03-16,2020,76,vineyard_7,0,586
vineyard,2,3,N= 8,1/2 Inch,2020-03-16,2020,76,vineyard_8,0,656
vineyard,1,3,N= 9,1/2 Inch,2020-03-16,2020,76,vineyard_9,0,104
broccoli,1,1,N= 1,1/2 Inch,2020-03-16,2020,76,broccoli_1,2.5,34
broccoli,1,2,N= 2,1/2 Inch,2020-03-16,2020,76,broccoli_2,2.5,34
broccoli,1,3,N= 3,1/2 Inch,2020-03-16,2020,76,broccoli_3,2.5,414
broccoli,1,4,N= 4,1/2 Inch,2020-03-16,2020,76,broccoli_4,2.5,104
broccoli,1,5,N= 5,1/2 Inch,2020-03-16,2020,76,broccoli_5,2.5,69
broccoli,2,5,N= 6,1/2 Inch,2020-03-16,2020,76,broccoli_6,2.5,518
broccoli,2,4,N= 7,1/2 Inch,2020-03-16,2020,76,broccoli_7,2.5,34
broccoli,2,3,N= 8,1/2 Inch,2020-03-16,2020,76,broccoli_8,2.5,552
broccoli,2,2,N= 9,1/2 Inch,2020-03-16,2020,76,broccoli_9,2.5,448
broccoli,2,1,N= 10,1/2 Inch,2020-03-16,2020,76,broccoli_10,2.5,380
broccoli,3,1,N= 11,1/2 Inch,2020-03-16,2020,76,broccoli_11,2.5,172
broccoli,3,3,N= 13,1/2 Inch,2020-03-16,2020,76,broccoli_13,2.5,483
broccoli,3,4,N= 15,1/2 Inch,2020-03-16,2020,76,broccoli_15,2.5,69
broccoli,3,5,N= 17,1/2 Inch,2020-03-16,2020,76,broccoli_17,2.5,448
leafbag,2,3,N= 2,1/2 Inch,2020-03-16,2020,76,leafbag_2,2.5,448
leafbag,3,3,N= 3,1/2 Inch,2020-03-16,2020,76,leafbag_3,2.5,69
leafbag,4,3,N= 5,1/2 Inch,2020-03-16,2020,76,leafbag_5,2.5,34
leafbag,4,3,N= 6,1/2 Inch,2020-03-16,2020,76,leafbag_6,2.5,104
leafbag,5,2,N= 8,1/2 Inch,2020-03-16,2020,76,leafbag_8,2.5,172
leafbag,4,2,N= 9,1/2 Inch,2020-03-16,2020,76,leafbag_9,2.5,207
leafbag,3,2,N= 10,1/2 Inch,2020-03-16,2020,76,leafbag_10,2.5,138
leafbag,2,2,N= 11,1/2 Inch,2020-03-16,2020,76,leafbag_11,2.5,242
leafbag,1,2,N= 12,1/2 Inch,2020-03-16,2020,76,leafbag_12,2.5,380
leafbag,1,1,N= 13,1/2 Inch,2020-03-16,2020,76,leafbag_13,2.5,34
leafbag,3,1,N= 14,1/2 Inch,2020-03-16,2020,76,leafbag_14,2.5,34
leafbag,4,1,N= 15,1/2 Inch,2020-03-16,2020,76,leafbag_15,2.5,242
leafbag,5,1,N= 16,1/2 Inch,2020-03-16,2020,76,leafbag_16,2.5,448
OG,1,4,N= 1,1/2 Inch,2020-03-16,2020,76,OG_1,2.5,242
OG,2,4,N= 2,1/2 Inch,2020-03-16,2020,76,OG_2,2.5,276
OG,3,4,N= 3,1/2 Inch,2020-03-16,2020,76,OG_3,2.5,207
OG,4,4,N= 4,1/2 Inch,2020-03-16,2020,76,OG_4,2.5,69
OG,4,4,N= 6,1/2 Inch,2020-03-16,2020,76,OG_6,2.5,34
OG,4,4,N= 7,1/2 Inch,2020-03-16,2020,76,OG_7,2.5,104
OG,4,3,N= 8,1/2 Inch,2020-03-16,2020,76,OG_8,2.5,34
OG,3,3,N= 9,1/2 Inch,2020-03-16,2020,76,OG_9,2.5,34
OG,2,3,N= 10,1/2 Inch,2020-03-16,2020,76,OG_10,2.5,380
OG,2,2,N= 11,1/2 Inch,2020-03-16,2020,76,OG_11,2.5,380
OG,3,2,N= 12,1/2 Inch,2020-03-16,2020,76,OG_12,2.5,483
OG,4,1,N= 14,1/2 Inch,2020-03-16,2020,76,OG_14,2.5,172
OG,3,1,N= 15,1/2 Inch,2020-03-16,2020,76,OG_15,2.5,104
OG,2,1,N= 17,1/2 Inch,2020-03-16,2020,76,OG_17,2.5,172
prairie-trees,2,1,N= 2,1/2 Inch,2020-03-16,2020,76,prairie-trees_2,2.5,621
prairie-trees,3,1,N= 3,1/2 Inch,2020-03-16,2020,76,prairie-trees_3,2.5,759
prairie-trees,3,2,N= 4,1/2 Inch,2020-03-16,2020,76,prairie-trees_4,2.5,69
prairie-trees,3,3,N= 5,1/2 Inch,2020-03-16,2020,76,prairie-trees_5,2.5,69
prairie-trees,3,4,N= 6,1/2 Inch,2020-03-16,2020,76,prairie-trees_6,2.5,897
prairie-trees,3,5,N= 7,1/2 Inch,2020-03-16,2020,76,prairie-trees_7,2.5,380
berries,1,1,N= 1,1/2 Inch,2020-03-16,2020,76,berries_1,2.5,138
berries,2,1,N= 2,1/2 Inch,2020-03-16,2020,76,berries_2,2.5,586
berries,3,1,N= 3,1/2 Inch,2020-03-16,2020,76,berries_3,2.5,518
vineyard,3,1,N= 1,1/2 Inch,2020-03-16,2020,76,vineyard_1,2.5,104
vineyard,2,1,N= 2,1/2 Inch,2020-03-16,2020,76,vineyard_2,2.5,862
vineyard,1,1,N= 3,1/2 Inch,2020-03-16,2020,76,vineyard_3,2.5,104
vineyard,1,2,N= 4,1/2 Inch,2020-03-16,2020,76,vineyard_4,2.5,414
vineyard,2,2,N= 5,1/2 Inch,2020-03-16,2020,76,vineyard_5,2.5,724
vineyard,3,2,N= 6,1/2 Inch,2020-03-16,2020,76,vineyard_6,2.5,897
vineyard,3,3,N= 7,1/2 Inch,2020-03-16,2020,76,vineyard_7,2.5,483
vineyard,2,3,N= 8,1/2 Inch,2020-03-16,2020,76,vineyard_8,2.5,621
vineyard,1,3,N= 9,1/2 Inch,2020-03-16,2020,76,vineyard_9,2.5,104
broccoli,1,1,N= 1,1/2 Inch,2020-03-16,2020,76,broccoli_1,5,448
broccoli,1,2,N= 2,1/2 Inch,2020-03-16,2020,76,broccoli_2,5,172
broccoli,1,3,N= 3,1/2 Inch,2020-03-16,2020,76,broccoli_3,5,621
broccoli,1,4,N= 4,1/2 Inch,2020-03-16,2020,76,broccoli_4,5,621
broccoli,1,5,N= 5,1/2 Inch,2020-03-16,2020,76,broccoli_5,5,310
broccoli,2,5,N= 6,1/2 Inch,2020-03-16,2020,76,broccoli_6,5,932
broccoli,2,4,N= 7,1/2 Inch,2020-03-16,2020,76,broccoli_7,5,380
broccoli,2,3,N= 8,1/2 Inch,2020-03-16,2020,76,broccoli_8,5,656
broccoli,2,2,N= 9,1/2 Inch,2020-03-16,2020,76,broccoli_9,5,759
broccoli,2,1,N= 10,1/2 Inch,2020-03-16,2020,76,broccoli_10,5,552
broccoli,3,1,N= 11,1/2 Inch,2020-03-16,2020,76,broccoli_11,5,380
broccoli,3,3,N= 13,1/2 Inch,2020-03-16,2020,76,broccoli_13,5,552
broccoli,3,4,N= 15,1/2 Inch,2020-03-16,2020,76,broccoli_15,5,34
broccoli,3,5,N= 17,1/2 Inch,2020-03-16,2020,76,broccoli_17,5,1138
leafbag,2,3,N= 2,1/2 Inch,2020-03-16,2020,76,leafbag_2,5,586
leafbag,3,3,N= 3,1/2 Inch,2020-03-16,2020,76,leafbag_3,5,414
leafbag,4,3,N= 5,1/2 Inch,2020-03-16,2020,76,leafbag_5,5,34
leafbag,4,3,N= 6,1/2 Inch,2020-03-16,2020,76,leafbag_6,5,828
leafbag,5,2,N= 8,1/2 Inch,2020-03-16,2020,76,leafbag_8,5,207
leafbag,4,2,N= 9,1/2 Inch,2020-03-16,2020,76,leafbag_9,5,276
leafbag,3,2,N= 10,1/2 Inch,2020-03-16,2020,76,leafbag_10,5,414
leafbag,2,2,N= 11,1/2 Inch,2020-03-16,2020,76,leafbag_11,5,621
leafbag,1,2,N= 12,1/2 Inch,2020-03-16,2020,76,leafbag_12,5,828
leafbag,1,1,N= 13,1/2 Inch,2020-03-16,2020,76,leafbag_13,5,138
leafbag,3,1,N= 14,1/2 Inch,2020-03-16,2020,76,leafbag_14,5,34
leafbag,4,1,N= 15,1/2 Inch,2020-03-16,2020,76,leafbag_15,5,483
leafbag,5,1,N= 16,1/2 Inch,2020-03-16,2020,76,leafbag_16,5,656
OG,1,4,N= 1,1/2 Inch,2020-03-16,2020,76,OG_1,5,242
OG,2,4,N= 2,1/2 Inch,2020-03-16,2020,76,OG_2,5,242
OG,3,4,N= 3,1/2 Inch,2020-03-16,2020,76,OG_3,5,310
OG,4,4,N= 4,1/2 Inch,2020-03-16,2020,76,OG_4,5,380
OG,4,4,N= 6,1/2 Inch,2020-03-16,2020,76,OG_6,5,380
OG,4,4,N= 7,1/2 Inch,2020-03-16,2020,76,OG_7,5,69
OG,4,3,N= 8,1/2 Inch,2020-03-16,2020,76,OG_8,5,276
OG,3,3,N= 9,1/2 Inch,2020-03-16,2020,76,OG_9,5,207
OG,2,3,N= 10,1/2 Inch,2020-03-16,2020,76,OG_10,5,552
OG,2,2,N= 11,1/2 Inch,2020-03-16,2020,76,OG_11,5,656
OG,3,2,N= 12,1/2 Inch,2020-03-16,2020,76,OG_12,5,586
OG,4,1,N= 14,1/2 Inch,2020-03-16,2020,76,OG_14,5,310
OG,3,1,N= 15,1/2 Inch,2020-03-16,2020,76,OG_15,5,380
OG,2,1,N= 17,1/2 Inch,2020-03-16,2020,76,OG_17,5,310
prairie-trees,2,1,N= 2,1/2 Inch,2020-03-16,2020,76,prairie-trees_2,5,621
prairie-trees,3,1,N= 3,1/2 Inch,2020-03-16,2020,76,prairie-trees_3,5,828
prairie-trees,3,2,N= 4,1/2 Inch,2020-03-16,2020,76,prairie-trees_4,5,794
prairie-trees,3,3,N= 5,1/2 Inch,2020-03-16,2020,76,prairie-trees_5,5,621
prairie-trees,3,4,N= 6,1/2 Inch,2020-03-16,2020,76,prairie-trees_6,5,828
prairie-trees,3,5,N= 7,1/2 Inch,2020-03-16,2020,76,prairie-trees_7,5,724
berries,1,1,N= 1,1/2 Inch,2020-03-16,2020,76,berries_1,5,656
berries,2,1,N= 2,1/2 Inch,2020-03-16,2020,76,berries_2,5,621
berries,3,1,N= 3,1/2 Inch,2020-03-16,2020,76,berries_3,5,552
vineyard,3,1,N= 1,1/2 Inch,2020-03-16,2020,76,vineyard_1,5,656
vineyard,2,1,N= 2,1/2 Inch,2020-03-16,2020,76,vineyard_2,5,862
vineyard,1,1,N= 3,1/2 Inch,2020-03-16,2020,76,vineyard_3,5,518
vineyard,1,2,N= 4,1/2 Inch,2020-03-16,2020,76,vineyard_4,5,518
vineyard,2,2,N= 5,1/2 Inch,2020-03-16,2020,76,vineyard_5,5,621
vineyard,3,2,N= 6,1/2 Inch,2020-03-16,2020,76,vineyard_6,5,794
vineyard,3,3,N= 7,1/2 Inch,2020-03-16,2020,76,vineyard_7,5,518
vineyard,2,3,N= 8,1/2 Inch,2020-03-16,2020,76,vineyard_8,5,552
vineyard,1,3,N= 9,1/2 Inch,2020-03-16,2020,76,vineyard_9,5,483
broccoli,1,1,N= 1,1/2 Inch,2020-03-16,2020,76,broccoli_1,7.5,759
broccoli,1,2,N= 2,1/2 Inch,2020-03-16,2020,76,broccoli_2,7.5,414
broccoli,1,3,N= 3,1/2 Inch,2020-03-16,2020,76,broccoli_3,7.5,966
broccoli,1,4,N= 4,1/2 Inch,2020-03-16,2020,76,broccoli_4,7.5,724
broccoli,1,5,N= 5,1/2 Inch,2020-03-16,2020,76,broccoli_5,7.5,828
broccoli,2,5,N= 6,1/2 Inch,2020-03-16,2020,76,broccoli_6,7.5,1173
broccoli,2,4,N= 7,1/2 Inch,2020-03-16,2020,76,broccoli_7,7.5,724
broccoli,2,3,N= 8,1/2 Inch,2020-03-16,2020,76,broccoli_8,7.5,621
broccoli,2,2,N= 9,1/2 Inch,2020-03-16,2020,76,broccoli_9,7.5,966
broccoli,2,1,N= 10,1/2 Inch,2020-03-16,2020,76,broccoli_10,7.5,759
broccoli,3,1,N= 11,1/2 Inch,2020-03-16,2020,76,broccoli_11,7.5,552
broccoli,3,3,N= 13,1/2 Inch,2020-03-16,2020,76,broccoli_13,7.5,828
broccoli,3,4,N= 15,1/2 Inch,2020-03-16,2020,76,broccoli_15,7.5,34
broccoli,3,5,N= 17,1/2 Inch,2020-03-16,2020,76,broccoli_17,7.5,1138
leafbag,2,3,N= 2,1/2 Inch,2020-03-16,2020,76,leafbag_2,7.5,932
leafbag,3,3,N= 3,1/2 Inch,2020-03-16,2020,76,leafbag_3,7.5,586
leafbag,4,3,N= 5,1/2 Inch,2020-03-16,2020,76,leafbag_5,7.5,448
leafbag,4,3,N= 6,1/2 Inch,2020-03-16,2020,76,leafbag_6,7.5,1104
leafbag,5,2,N= 8,1/2 Inch,2020-03-16,2020,76,leafbag_8,7.5,794
leafbag,4,2,N= 9,1/2 Inch,2020-03-16,2020,76,leafbag_9,7.5,656
leafbag,3,2,N= 10,1/2 Inch,2020-03-16,2020,76,leafbag_10,7.5,759
leafbag,2,2,N= 11,1/2 Inch,2020-03-16,2020,76,leafbag_11,7.5,794
leafbag,1,2,N= 12,1/2 Inch,2020-03-16,2020,76,leafbag_12,7.5,932
leafbag,1,1,N= 13,1/2 Inch,2020-03-16,2020,76,leafbag_13,7.5,276
leafbag,3,1,N= 14,1/2 Inch,2020-03-16,2020,76,leafbag_14,7.5,518
leafbag,4,1,N= 15,1/2 Inch,2020-03-16,2020,76,leafbag_15,7.5,586
leafbag,5,1,N= 16,1/2 Inch,2020-03-16,2020,76,leafbag_16,7.5,828
OG,1,4,N= 1,1/2 Inch,2020-03-16,2020,76,OG_1,7.5,242
OG,2,4,N= 2,1/2 Inch,2020-03-16,2020,76,OG_2,7.5,483
OG,3,4,N= 3,1/2 Inch,2020-03-16,2020,76,OG_3,7.5,276
OG,4,4,N= 4,1/2 Inch,2020-03-16,2020,76,OG_4,7.5,380
OG,4,4,N= 6,1/2 Inch,2020-03-16,2020,76,OG_6,7.5,621
OG,4,4,N= 7,1/2 Inch,2020-03-16,2020,76,OG_7,7.5,138
OG,4,3,N= 8,1/2 Inch,2020-03-16,2020,76,OG_8,7.5,483
OG,3,3,N= 9,1/2 Inch,2020-03-16,2020,76,OG_9,7.5,518
OG,2,3,N= 10,1/2 Inch,2020-03-16,2020,76,OG_10,7.5,656
OG,2,2,N= 11,1/2 Inch,2020-03-16,2020,76,OG_11,7.5,621
OG,3,2,N= 12,1/2 Inch,2020-03-16,2020,76,OG_12,7.5,794
OG,4,1,N= 14,1/2 Inch,2020-03-16,2020,76,OG_14,7.5,448
OG,3,1,N= 15,1/2 Inch,2020-03-16,2020,76,OG_15,7.5,794
OG,2,1,N= 17,1/2 Inch,2020-03-16,2020,76,OG_17,7.5,518
prairie-trees,2,1,N= 2,1/2 Inch,2020-03-16,2020,76,prairie-trees_2,7.5,621
prairie-trees,3,1,N= 3,1/2 Inch,2020-03-16,2020,76,prairie-trees_3,7.5,862
prairie-trees,3,2,N= 4,1/2 Inch,2020-03-16,2020,76,prairie-trees_4,7.5,897
prairie-trees,3,3,N= 5,1/2 Inch,2020-03-16,2020,76,prairie-trees_5,7.5,621
prairie-trees,3,4,N= 6,1/2 Inch,2020-03-16,2020,76,prairie-trees_6,7.5,828
prairie-trees,3,5,N= 7,1/2 Inch,2020-03-16,2020,76,prairie-trees_7,7.5,932
berries,1,1,N= 1,1/2 Inch,2020-03-16,2020,76,berries_1,7.5,621
berries,2,1,N= 2,1/2 Inch,2020-03-16,2020,76,berries_2,7.5,724
berries,3,1,N= 3,1/2 Inch,2020-03-16,2020,76,berries_3,7.5,724
vineyard,3,1,N= 1,1/2 Inch,2020-03-16,2020,76,vineyard_1,7.5,656
vineyard,2,1,N= 2,1/2 Inch,2020-03-16,2020,76,vineyard_2,7.5,932
vineyard,1,1,N= 3,1/2 Inch,2020-03-16,2020,76,vineyard_3,7.5,483
vineyard,1,2,N= 4,1/2 Inch,2020-03-16,2020,76,vineyard_4,7.5,552
vineyard,2,2,N= 5,1/2 Inch,2020-03-16,2020,76,vineyard_5,7.5,621
vineyard,3,2,N= 6,1/2 Inch,2020-03-16,2020,76,vineyard_6,7.5,794
vineyard,3,3,N= 7,1/2 Inch,2020-03-16,2020,76,vineyard_7,7.5,586
vineyard,2,3,N= 8,1/2 Inch,2020-03-16,2020,76,vineyard_8,7.5,586
vineyard,1,3,N= 9,1/2 Inch,2020-03-16,2020,76,vineyard_9,7.5,483
broccoli,1,1,N= 1,1/2 Inch,2020-03-16,2020,76,broccoli_1,10,1000
broccoli,1,2,N= 2,1/2 Inch,2020-03-16,2020,76,broccoli_2,10,483
broccoli,1,3,N= 3,1/2 Inch,2020-03-16,2020,76,broccoli_3,10,1104
broccoli,1,4,N= 4,1/2 Inch,2020-03-16,2020,76,broccoli_4,10,862
broccoli,1,5,N= 5,1/2 Inch,2020-03-16,2020,76,broccoli_5,10,932
broccoli,2,5,N= 6,1/2 Inch,2020-03-16,2020,76,broccoli_6,10,1104
broccoli,2,4,N= 7,1/2 Inch,2020-03-16,2020,76,broccoli_7,10,724
broccoli,2,3,N= 8,1/2 Inch,2020-03-16,2020,76,broccoli_8,10,586
broccoli,2,2,N= 9,1/2 Inch,2020-03-16,2020,76,broccoli_9,10,1104
broccoli,2,1,N= 10,1/2 Inch,2020-03-16,2020,76,broccoli_10,10,759
broccoli,3,1,N= 11,1/2 Inch,2020-03-16,2020,76,broccoli_11,10,1000
broccoli,3,3,N= 13,1/2 Inch,2020-03-16,2020,76,broccoli_13,10,862
broccoli,3,4,N= 15,1/2 Inch,2020-03-16,2020,76,broccoli_15,10,586
broccoli,3,5,N= 17,1/2 Inch,2020-03-16,2020,76,broccoli_17,10,1104
leafbag,2,3,N= 2,1/2 Inch,2020-03-16,2020,76,leafbag_2,10,1104
leafbag,3,3,N= 3,1/2 Inch,2020-03-16,2020,76,leafbag_3,10,897
leafbag,4,3,N= 5,1/2 Inch,2020-03-16,2020,76,leafbag_5,10,656
leafbag,4,3,N= 6,1/2 Inch,2020-03-16,2020,76,leafbag_6,10,1311
leafbag,5,2,N= 8,1/2 Inch,2020-03-16,2020,76,leafbag_8,10,794
leafbag,4,2,N= 9,1/2 Inch,2020-03-16,2020,76,leafbag_9,10,794
leafbag,3,2,N= 10,1/2 Inch,2020-03-16,2020,76,leafbag_10,10,794
leafbag,2,2,N= 11,1/2 Inch,2020-03-16,2020,76,leafbag_11,10,862
leafbag,1,2,N= 12,1/2 Inch,2020-03-16,2020,76,leafbag_12,10,932
leafbag,1,1,N= 13,1/2 Inch,2020-03-16,2020,76,leafbag_13,10,414
leafbag,3,1,N= 14,1/2 Inch,2020-03-16,2020,76,leafbag_14,10,656
leafbag,4,1,N= 15,1/2 Inch,2020-03-16,2020,76,leafbag_15,10,862
leafbag,5,1,N= 16,1/2 Inch,2020-03-16,2020,76,leafbag_16,10,1070
OG,1,4,N= 1,1/2 Inch,2020-03-16,2020,76,OG_1,10,448
OG,2,4,N= 2,1/2 Inch,2020-03-16,2020,76,OG_2,10,483
OG,3,4,N= 3,1/2 Inch,2020-03-16,2020,76,OG_3,10,448
OG,4,4,N= 4,1/2 Inch,2020-03-16,2020,76,OG_4,10,414
OG,4,4,N= 6,1/2 Inch,2020-03-16,2020,76,OG_6,10,862
OG,4,4,N= 7,1/2 Inch,2020-03-16,2020,76,OG_7,10,414
OG,4,3,N= 8,1/2 Inch,2020-03-16,2020,76,OG_8,10,656
OG,3,3,N= 9,1/2 Inch,2020-03-16,2020,76,OG_9,10,656
OG,2,3,N= 10,1/2 Inch,2020-03-16,2020,76,OG_10,10,794
OG,2,2,N= 11,1/2 Inch,2020-03-16,2020,76,OG_11,10,828
OG,3,2,N= 12,1/2 Inch,2020-03-16,2020,76,OG_12,10,932
OG,4,1,N= 14,1/2 Inch,2020-03-16,2020,76,OG_14,10,621
OG,3,1,N= 15,1/2 Inch,2020-03-16,2020,76,OG_15,10,794
OG,2,1,N= 17,1/2 Inch,2020-03-16,2020,76,OG_17,10,724
prairie-trees,2,1,N= 2,1/2 Inch,2020-03-16,2020,76,prairie-trees_2,10,862
prairie-trees,3,1,N= 3,1/2 Inch,2020-03-16,2020,76,prairie-trees_3,10,897
prairie-trees,3,2,N= 4,1/2 Inch,2020-03-16,2020,76,prairie-trees_4,10,518
prairie-trees,3,3,N= 5,1/2 Inch,2020-03-16,2020,76,prairie-trees_5,10,724
prairie-trees,3,4,N= 6,1/2 Inch,2020-03-16,2020,76,prairie-trees_6,10,1138
prairie-trees,3,5,N= 7,1/2 Inch,2020-03-16,2020,76,prairie-trees_7,10,897
berries,1,1,N= 1,1/2 Inch,2020-03-16,2020,76,berries_1,10,862
berries,2,1,N= 2,1/2 Inch,2020-03-16,2020,76,berries_2,10,586
berries,3,1,N= 3,1/2 Inch,2020-03-16,2020,76,berries_3,10,621
vineyard,3,1,N= 1,1/2 Inch,2020-03-16,2020,76,vineyard_1,10,724
vineyard,2,1,N= 2,1/2 Inch,2020-03-16,2020,76,vineyard_2,10,1138
vineyard,1,1,N= 3,1/2 Inch,2020-03-16,2020,76,vineyard_3,10,518
vineyard,1,2,N= 4,1/2 Inch,2020-03-16,2020,76,vineyard_4,10,552
vineyard,2,2,N= 5,1/2 Inch,2020-03-16,2020,76,vineyard_5,10,621
vineyard,3,2,N= 6,1/2 Inch,2020-03-16,2020,76,vineyard_6,10,966
vineyard,3,3,N= 7,1/2 Inch,2020-03-16,2020,76,vineyard_7,10,656
vineyard,2,3,N= 8,1/2 Inch,2020-03-16,2020,76,vineyard_8,10,586
vineyard,1,3,N= 9,1/2 Inch,2020-03-16,2020,76,vineyard_9,10,586
broccoli,1,1,N= 1,1/2 Inch,2020-03-16,2020,76,broccoli_1,12.5,1070
broccoli,1,2,N= 2,1/2 Inch,2020-03-16,2020,76,broccoli_2,12.5,518
broccoli,1,3,N= 3,1/2 Inch,2020-03-16,2020,76,broccoli_3,12.5,1311
broccoli,1,4,N= 4,1/2 Inch,2020-03-16,2020,76,broccoli_4,12.5,862
broccoli,1,5,N= 5,1/2 Inch,2020-03-16,2020,76,broccoli_5,12.5,794
broccoli,2,5,N= 6,1/2 Inch,2020-03-16,2020,76,broccoli_6,12.5,1208
broccoli,2,4,N= 7,1/2 Inch,2020-03-16,2020,76,broccoli_7,12.5,897
broccoli,2,3,N= 8,1/2 Inch,2020-03-16,2020,76,broccoli_8,12.5,897
broccoli,2,2,N= 9,1/2 Inch,2020-03-16,2020,76,broccoli_9,12.5,1449
broccoli,2,1,N= 10,1/2 Inch,2020-03-16,2020,76,broccoli_10,12.5,1552
broccoli,3,1,N= 11,1/2 Inch,2020-03-16,2020,76,broccoli_11,12.5,1311
broccoli,3,3,N= 13,1/2 Inch,2020-03-16,2020,76,broccoli_13,12.5,932
broccoli,3,4,N= 15,1/2 Inch,2020-03-16,2020,76,broccoli_15,12.5,897
broccoli,3,5,N= 17,1/2 Inch,2020-03-16,2020,76,broccoli_17,12.5,1449
leafbag,2,3,N= 2,1/2 Inch,2020-03-16,2020,76,leafbag_2,12.5,1173
leafbag,3,3,N= 3,1/2 Inch,2020-03-16,2020,76,leafbag_3,12.5,1070
leafbag,4,3,N= 5,1/2 Inch,2020-03-16,2020,76,leafbag_5,12.5,NA
leafbag,4,3,N= 6,1/2 Inch,2020-03-16,2020,76,leafbag_6,12.5,1587
leafbag,5,2,N= 8,1/2 Inch,2020-03-16,2020,76,leafbag_8,12.5,1104
leafbag,4,2,N= 9,1/2 Inch,2020-03-16,2020,76,leafbag_9,12.5,794
leafbag,3,2,N= 10,1/2 Inch,2020-03-16,2020,76,leafbag_10,12.5,1000
leafbag,2,2,N= 11,1/2 Inch,2020-03-16,2020,76,leafbag_11,12.5,897
leafbag,1,2,N= 12,1/2 Inch,2020-03-16,2020,76,leafbag_12,12.5,1311
leafbag,1,1,N= 13,1/2 Inch,2020-03-16,2020,76,leafbag_13,12.5,380
leafbag,3,1,N= 14,1/2 Inch,2020-03-16,2020,76,leafbag_14,12.5,621
leafbag,4,1,N= 15,1/2 Inch,2020-03-16,2020,76,leafbag_15,12.5,862
leafbag,5,1,N= 16,1/2 Inch,2020-03-16,2020,76,leafbag_16,12.5,1104
OG,1,4,N= 1,1/2 Inch,2020-03-16,2020,76,OG_1,12.5,621
OG,2,4,N= 2,1/2 Inch,2020-03-16,2020,76,OG_2,12.5,518
OG,3,4,N= 3,1/2 Inch,2020-03-16,2020,76,OG_3,12.5,552
OG,4,4,N= 4,1/2 Inch,2020-03-16,2020,76,OG_4,12.5,586
OG,4,4,N= 6,1/2 Inch,2020-03-16,2020,76,OG_6,12.5,NA
OG,4,4,N= 7,1/2 Inch,2020-03-16,2020,76,OG_7,12.5,897
OG,4,3,N= 8,1/2 Inch,2020-03-16,2020,76,OG_8,12.5,656
OG,3,3,N= 9,1/2 Inch,2020-03-16,2020,76,OG_9,12.5,724
OG,2,3,N= 10,1/2 Inch,2020-03-16,2020,76,OG_10,12.5,932
OG,2,2,N= 11,1/2 Inch,2020-03-16,2020,76,OG_11,12.5,966
OG,3,2,N= 12,1/2 Inch,2020-03-16,2020,76,OG_12,12.5,1173
OG,4,1,N= 14,1/2 Inch,2020-03-16,2020,76,OG_14,12.5,1173
OG,3,1,N= 15,1/2 Inch,2020-03-16,2020,76,OG_15,12.5,759
OG,2,1,N= 17,1/2 Inch,2020-03-16,2020,76,OG_17,12.5,897
prairie-trees,2,1,N= 2,1/2 Inch,2020-03-16,2020,76,prairie-trees_2,12.5,1000
prairie-trees,3,1,N= 3,1/2 Inch,2020-03-16,2020,76,prairie-trees_3,12.5,1070
prairie-trees,3,2,N= 4,1/2 Inch,2020-03-16,2020,76,prairie-trees_4,12.5,552
prairie-trees,3,3,N= 5,1/2 Inch,2020-03-16,2020,76,prairie-trees_5,12.5,656
prairie-trees,3,4,N= 6,1/2 Inch,2020-03-16,2020,76,prairie-trees_6,12.5,932
prairie-trees,3,5,N= 7,1/2 Inch,2020-03-16,2020,76,prairie-trees_7,12.5,1000
berries,1,1,N= 1,1/2 Inch,2020-03-16,2020,76,berries_1,12.5,897
berries,2,1,N= 2,1/2 Inch,2020-03-16,2020,76,berries_2,12.5,656
berries,3,1,N= 3,1/2 Inch,2020-03-16,2020,76,berries_3,12.5,621
vineyard,3,1,N= 1,1/2 Inch,2020-03-16,2020,76,vineyard_1,12.5,828
vineyard,2,1,N= 2,1/2 Inch,2020-03-16,2020,76,vineyard_2,12.5,1276
vineyard,1,1,N= 3,1/2 Inch,2020-03-16,2020,76,vineyard_3,12.5,724
vineyard,1,2,N= 4,1/2 Inch,2020-03-16,2020,76,vineyard_4,12.5,1000
vineyard,2,2,N= 5,1/2 Inch,2020-03-16,2020,76,vineyard_5,12.5,759
vineyard,3,2,N= 6,1/2 Inch,2020-03-16,2020,76,vineyard_6,12.5,1000
vineyard,3,3,N= 7,1/2 Inch,2020-03-16,2020,76,vineyard_7,12.5,794
vineyard,2,3,N= 8,1/2 Inch,2020-03-16,2020,76,vineyard_8,12.5,724
vineyard,1,3,N= 9,1/2 Inch,2020-03-16,2020,76,vineyard_9,12.5,621
broccoli,1,1,N= 1,1/2 Inch,2020-03-16,2020,76,broccoli_1,15,1276
broccoli,1,2,N= 2,1/2 Inch,2020-03-16,2020,76,broccoli_2,15,759
broccoli,1,3,N= 3,1/2 Inch,2020-03-16,2020,76,broccoli_3,15,1070
broccoli,1,4,N= 4,1/2 Inch,2020-03-16,2020,76,broccoli_4,15,1070
broccoli,1,5,N= 5,1/2 Inch,2020-03-16,2020,76,broccoli_5,15,932
broccoli,2,5,N= 6,1/2 Inch,2020-03-16,2020,76,broccoli_6,15,1552
broccoli,2,4,N= 7,1/2 Inch,2020-03-16,2020,76,broccoli_7,15,1070
broccoli,2,3,N= 8,1/2 Inch,2020-03-16,2020,76,broccoli_8,15,1070
broccoli,2,2,N= 9,1/2 Inch,2020-03-16,2020,76,broccoli_9,15,1208
broccoli,2,1,N= 10,1/2 Inch,2020-03-16,2020,76,broccoli_10,15,1484
broccoli,3,1,N= 11,1/2 Inch,2020-03-16,2020,76,broccoli_11,15,1138
broccoli,3,3,N= 13,1/2 Inch,2020-03-16,2020,76,broccoli_13,15,1208
broccoli,3,4,N= 15,1/2 Inch,2020-03-16,2020,76,broccoli_15,15,1208
broccoli,3,5,N= 17,1/2 Inch,2020-03-16,2020,76,broccoli_17,15,1518
leafbag,2,3,N= 2,1/2 Inch,2020-03-16,2020,76,leafbag_2,15,1276
leafbag,3,3,N= 3,1/2 Inch,2020-03-16,2020,76,leafbag_3,15,1242
leafbag,4,3,N= 5,1/2 Inch,2020-03-16,2020,76,leafbag_5,15,NA
leafbag,4,3,N= 6,1/2 Inch,2020-03-16,2020,76,leafbag_6,15,1760
leafbag,5,2,N= 8,1/2 Inch,2020-03-16,2020,76,leafbag_8,15,1276
leafbag,4,2,N= 9,1/2 Inch,2020-03-16,2020,76,leafbag_9,15,966
leafbag,3,2,N= 10,1/2 Inch,2020-03-16,2020,76,leafbag_10,15,1070
leafbag,2,2,N= 11,1/2 Inch,2020-03-16,2020,76,leafbag_11,15,932
leafbag,1,2,N= 12,1/2 Inch,2020-03-16,2020,76,leafbag_12,15,1518
leafbag,1,1,N= 13,1/2 Inch,2020-03-16,2020,76,leafbag_13,15,380
leafbag,3,1,N= 14,1/2 Inch,2020-03-16,2020,76,leafbag_14,15,724
leafbag,4,1,N= 15,1/2 Inch,2020-03-16,2020,76,leafbag_15,15,862
leafbag,5,1,N= 16,1/2 Inch,2020-03-16,2020,76,leafbag_16,15,1242
OG,1,4,N= 1,1/2 Inch,2020-03-16,2020,76,OG_1,15,621
OG,2,4,N= 2,1/2 Inch,2020-03-16,2020,76,OG_2,15,518
OG,3,4,N= 3,1/2 Inch,2020-03-16,2020,76,OG_3,15,794
OG,4,4,N= 4,1/2 Inch,2020-03-16,2020,76,OG_4,15,932
OG,4,4,N= 6,1/2 Inch,2020-03-16,2020,76,OG_6,15,NA
OG,4,4,N= 7,1/2 Inch,2020-03-16,2020,76,OG_7,15,1414
OG,4,3,N= 8,1/2 Inch,2020-03-16,2020,76,OG_8,15,724
OG,3,3,N= 9,1/2 Inch,2020-03-16,2020,76,OG_9,15,724
OG,2,3,N= 10,1/2 Inch,2020-03-16,2020,76,OG_10,15,828
OG,2,2,N= 11,1/2 Inch,2020-03-16,2020,76,OG_11,15,1276
OG,3,2,N= 12,1/2 Inch,2020-03-16,2020,76,OG_12,15,1346
OG,4,1,N= 14,1/2 Inch,2020-03-16,2020,76,OG_14,15,1311
OG,3,1,N= 15,1/2 Inch,2020-03-16,2020,76,OG_15,15,897
OG,2,1,N= 17,1/2 Inch,2020-03-16,2020,76,OG_17,15,932
prairie-trees,2,1,N= 2,1/2 Inch,2020-03-16,2020,76,prairie-trees_2,15,932
prairie-trees,3,1,N= 3,1/2 Inch,2020-03-16,2020,76,prairie-trees_3,15,1414
prairie-trees,3,2,N= 4,1/2 Inch,2020-03-16,2020,76,prairie-trees_4,15,1138
prairie-trees,3,3,N= 5,1/2 Inch,2020-03-16,2020,76,prairie-trees_5,15,828
prairie-trees,3,4,N= 6,1/2 Inch,2020-03-16,2020,76,prairie-trees_6,15,794
prairie-trees,3,5,N= 7,1/2 Inch,2020-03-16,2020,76,prairie-trees_7,15,1138
berries,1,1,N= 1,1/2 Inch,2020-03-16,2020,76,berries_1,15,759
berries,2,1,N= 2,1/2 Inch,2020-03-16,2020,76,berries_2,15,724
berries,3,1,N= 3,1/2 Inch,2020-03-16,2020,76,berries_3,15,586
vineyard,3,1,N= 1,1/2 Inch,2020-03-16,2020,76,vineyard_1,15,966
vineyard,2,1,N= 2,1/2 Inch,2020-03-16,2020,76,vineyard_2,15,1276
vineyard,1,1,N= 3,1/2 Inch,2020-03-16,2020,76,vineyard_3,15,862
vineyard,1,2,N= 4,1/2 Inch,2020-03-16,2020,76,vineyard_4,15,966
vineyard,2,2,N= 5,1/2 Inch,2020-03-16,2020,76,vineyard_5,15,1070
vineyard,3,2,N= 6,1/2 Inch,2020-03-16,2020,76,vineyard_6,15,1138
vineyard,3,3,N= 7,1/2 Inch,2020-03-16,2020,76,vineyard_7,15,897
vineyard,2,3,N= 8,1/2 Inch,2020-03-16,2020,76,vineyard_8,15,794
vineyard,1,3,N= 9,1/2 Inch,2020-03-16,2020,76,vineyard_9,15,724
broccoli,1,1,N= 1,1/2 Inch,2020-03-16,2020,76,broccoli_1,17.5,1311
broccoli,1,2,N= 2,1/2 Inch,2020-03-16,2020,76,broccoli_2,17.5,897
broccoli,1,3,N= 3,1/2 Inch,2020-03-16,2020,76,broccoli_3,17.5,1138
broccoli,1,4,N= 4,1/2 Inch,2020-03-16,2020,76,broccoli_4,17.5,1104
broccoli,1,5,N= 5,1/2 Inch,2020-03-16,2020,76,broccoli_5,17.5,1104
broccoli,2,5,N= 6,1/2 Inch,2020-03-16,2020,76,broccoli_6,17.5,1932
broccoli,2,4,N= 7,1/2 Inch,2020-03-16,2020,76,broccoli_7,17.5,1449
broccoli,2,3,N= 8,1/2 Inch,2020-03-16,2020,76,broccoli_8,17.5,1552
broccoli,2,2,N= 9,1/2 Inch,2020-03-16,2020,76,broccoli_9,17.5,1346
broccoli,2,1,N= 10,1/2 Inch,2020-03-16,2020,76,broccoli_10,17.5,1587
broccoli,3,1,N= 11,1/2 Inch,2020-03-16,2020,76,broccoli_11,17.5,1138
broccoli,3,3,N= 13,1/2 Inch,2020-03-16,2020,76,broccoli_13,17.5,1414
broccoli,3,4,N= 15,1/2 Inch,2020-03-16,2020,76,broccoli_15,17.5,1518
broccoli,3,5,N= 17,1/2 Inch,2020-03-16,2020,76,broccoli_17,17.5,1622
leafbag,2,3,N= 2,1/2 Inch,2020-03-16,2020,76,leafbag_2,17.5,1276
leafbag,3,3,N= 3,1/2 Inch,2020-03-16,2020,76,leafbag_3,17.5,1518
leafbag,4,3,N= 5,1/2 Inch,2020-03-16,2020,76,leafbag_5,17.5,NA
leafbag,4,3,N= 6,1/2 Inch,2020-03-16,2020,76,leafbag_6,17.5,2242
leafbag,5,2,N= 8,1/2 Inch,2020-03-16,2020,76,leafbag_8,17.5,1552
leafbag,4,2,N= 9,1/2 Inch,2020-03-16,2020,76,leafbag_9,17.5,1208
leafbag,3,2,N= 10,1/2 Inch,2020-03-16,2020,76,leafbag_10,17.5,1000
leafbag,2,2,N= 11,1/2 Inch,2020-03-16,2020,76,leafbag_11,17.5,862
leafbag,1,2,N= 12,1/2 Inch,2020-03-16,2020,76,leafbag_12,17.5,1552
leafbag,1,1,N= 13,1/2 Inch,2020-03-16,2020,76,leafbag_13,17.5,310
leafbag,3,1,N= 14,1/2 Inch,2020-03-16,2020,76,leafbag_14,17.5,656
leafbag,4,1,N= 15,1/2 Inch,2020-03-16,2020,76,leafbag_15,17.5,932
leafbag,5,1,N= 16,1/2 Inch,2020-03-16,2020,76,leafbag_16,17.5,1449
OG,1,4,N= 1,1/2 Inch,2020-03-16,2020,76,OG_1,17.5,621
OG,2,4,N= 2,1/2 Inch,2020-03-16,2020,76,OG_2,17.5,621
OG,3,4,N= 3,1/2 Inch,2020-03-16,2020,76,OG_3,17.5,897
OG,4,4,N= 4,1/2 Inch,2020-03-16,2020,76,OG_4,17.5,1000
OG,4,4,N= 6,1/2 Inch,2020-03-16,2020,76,OG_6,17.5,NA
OG,4,4,N= 7,1/2 Inch,2020-03-16,2020,76,OG_7,17.5,1311
OG,4,3,N= 8,1/2 Inch,2020-03-16,2020,76,OG_8,17.5,759
OG,3,3,N= 9,1/2 Inch,2020-03-16,2020,76,OG_9,17.5,724
OG,2,3,N= 10,1/2 Inch,2020-03-16,2020,76,OG_10,17.5,897
OG,2,2,N= 11,1/2 Inch,2020-03-16,2020,76,OG_11,17.5,1173
OG,3,2,N= 12,1/2 Inch,2020-03-16,2020,76,OG_12,17.5,1173
OG,4,1,N= 14,1/2 Inch,2020-03-16,2020,76,OG_14,17.5,1484
OG,3,1,N= 15,1/2 Inch,2020-03-16,2020,76,OG_15,17.5,932
OG,2,1,N= 17,1/2 Inch,2020-03-16,2020,76,OG_17,17.5,828
prairie-trees,2,1,N= 2,1/2 Inch,2020-03-16,2020,76,prairie-trees_2,17.5,1208
prairie-trees,3,1,N= 3,1/2 Inch,2020-03-16,2020,76,prairie-trees_3,17.5,1760
prairie-trees,3,2,N= 4,1/2 Inch,2020-03-16,2020,76,prairie-trees_4,17.5,1484
prairie-trees,3,3,N= 5,1/2 Inch,2020-03-16,2020,76,prairie-trees_5,17.5,862
prairie-trees,3,4,N= 6,1/2 Inch,2020-03-16,2020,76,prairie-trees_6,17.5,759
prairie-trees,3,5,N= 7,1/2 Inch,2020-03-16,2020,76,prairie-trees_7,17.5,1208
berries,1,1,N= 1,1/2 Inch,2020-03-16,2020,76,berries_1,17.5,966
berries,2,1,N= 2,1/2 Inch,2020-03-16,2020,76,berries_2,17.5,966
berries,3,1,N= 3,1/2 Inch,2020-03-16,2020,76,berries_3,17.5,621
vineyard,3,1,N= 1,1/2 Inch,2020-03-16,2020,76,vineyard_1,17.5,1070
vineyard,2,1,N= 2,1/2 Inch,2020-03-16,2020,76,vineyard_2,17.5,1276
vineyard,1,1,N= 3,1/2 Inch,2020-03-16,2020,76,vineyard_3,17.5,897
vineyard,1,2,N= 4,1/2 Inch,2020-03-16,2020,76,vineyard_4,17.5,966
vineyard,2,2,N= 5,1/2 Inch,2020-03-16,2020,76,vineyard_5,17.5,1173
vineyard,3,2,N= 6,1/2 Inch,2020-03-16,2020,76,vineyard_6,17.5,1311
vineyard,3,3,N= 7,1/2 Inch,2020-03-16,2020,76,vineyard_7,17.5,1000
vineyard,2,3,N= 8,1/2 Inch,2020-03-16,2020,76,vineyard_8,17.5,724
vineyard,1,3,N= 9,1/2 Inch,2020-03-16,2020,76,vineyard_9,17.5,759
broccoli,1,1,N= 1,1/2 Inch,2020-03-16,2020,76,broccoli_1,20,1276
broccoli,1,2,N= 2,1/2 Inch,2020-03-16,2020,76,broccoli_2,20,1104
broccoli,1,3,N= 3,1/2 Inch,2020-03-16,2020,76,broccoli_3,20,1414
broccoli,1,4,N= 4,1/2 Inch,2020-03-16,2020,76,broccoli_4,20,1104
broccoli,1,5,N= 5,1/2 Inch,2020-03-16,2020,76,broccoli_5,20,1104
broccoli,2,5,N= 6,1/2 Inch,2020-03-16,2020,76,broccoli_6,20,1898
broccoli,2,4,N= 7,1/2 Inch,2020-03-16,2020,76,broccoli_7,20,1690
broccoli,2,3,N= 8,1/2 Inch,2020-03-16,2020,76,broccoli_8,20,1690
broccoli,2,2,N= 9,1/2 Inch,2020-03-16,2020,76,broccoli_9,20,2036
broccoli,2,1,N= 10,1/2 Inch,2020-03-16,2020,76,broccoli_10,20,1622
broccoli,3,1,N= 11,1/2 Inch,2020-03-16,2020,76,broccoli_11,20,1138
broccoli,3,3,N= 13,1/2 Inch,2020-03-16,2020,76,broccoli_13,20,1484
broccoli,3,4,N= 15,1/2 Inch,2020-03-16,2020,76,broccoli_15,20,1276
broccoli,3,5,N= 17,1/2 Inch,2020-03-16,2020,76,broccoli_17,20,1484
leafbag,2,3,N= 2,1/2 Inch,2020-03-16,2020,76,leafbag_2,20,1414
leafbag,3,3,N= 3,1/2 Inch,2020-03-16,2020,76,leafbag_3,20,1518
leafbag,4,3,N= 5,1/2 Inch,2020-03-16,2020,76,leafbag_5,20,NA
leafbag,4,3,N= 6,1/2 Inch,2020-03-16,2020,76,leafbag_6,20,1966
leafbag,5,2,N= 8,1/2 Inch,2020-03-16,2020,76,leafbag_8,20,1656
leafbag,4,2,N= 9,1/2 Inch,2020-03-16,2020,76,leafbag_9,20,1760
leafbag,3,2,N= 10,1/2 Inch,2020-03-16,2020,76,leafbag_10,20,966
leafbag,2,2,N= 11,1/2 Inch,2020-03-16,2020,76,leafbag_11,20,966
leafbag,1,2,N= 12,1/2 Inch,2020-03-16,2020,76,leafbag_12,20,1587
leafbag,1,1,N= 13,1/2 Inch,2020-03-16,2020,76,leafbag_13,20,448
leafbag,3,1,N= 14,1/2 Inch,2020-03-16,2020,76,leafbag_14,20,656
leafbag,4,1,N= 15,1/2 Inch,2020-03-16,2020,76,leafbag_15,20,1518
leafbag,5,1,N= 16,1/2 Inch,2020-03-16,2020,76,leafbag_16,20,1449
OG,1,4,N= 1,1/2 Inch,2020-03-16,2020,76,OG_1,20,656
OG,2,4,N= 2,1/2 Inch,2020-03-16,2020,76,OG_2,20,759
OG,3,4,N= 3,1/2 Inch,2020-03-16,2020,76,OG_3,20,966
OG,4,4,N= 4,1/2 Inch,2020-03-16,2020,76,OG_4,20,1173
OG,4,4,N= 6,1/2 Inch,2020-03-16,2020,76,OG_6,20,NA
OG,4,4,N= 7,1/2 Inch,2020-03-16,2020,76,OG_7,20,1346
OG,4,3,N= 8,1/2 Inch,2020-03-16,2020,76,OG_8,20,759
OG,3,3,N= 9,1/2 Inch,2020-03-16,2020,76,OG_9,20,966
OG,2,3,N= 10,1/2 Inch,2020-03-16,2020,76,OG_10,20,932
OG,2,2,N= 11,1/2 Inch,2020-03-16,2020,76,OG_11,20,1242
OG,3,2,N= 12,1/2 Inch,2020-03-16,2020,76,OG_12,20,1000
OG,4,1,N= 14,1/2 Inch,2020-03-16,2020,76,OG_14,20,1449
OG,3,1,N= 15,1/2 Inch,2020-03-16,2020,76,OG_15,20,1000
OG,2,1,N= 17,1/2 Inch,2020-03-16,2020,76,OG_17,20,828
prairie-trees,2,1,N= 2,1/2 Inch,2020-03-16,2020,76,prairie-trees_2,20,1449
prairie-trees,3,1,N= 3,1/2 Inch,2020-03-16,2020,76,prairie-trees_3,20,1690
prairie-trees,3,2,N= 4,1/2 Inch,2020-03-16,2020,76,prairie-trees_4,20,1311
prairie-trees,3,3,N= 5,1/2 Inch,2020-03-16,2020,76,prairie-trees_5,20,862
prairie-trees,3,4,N= 6,1/2 Inch,2020-03-16,2020,76,prairie-trees_6,20,897
prairie-trees,3,5,N= 7,1/2 Inch,2020-03-16,2020,76,prairie-trees_7,20,1414
berries,1,1,N= 1,1/2 Inch,2020-03-16,2020,76,berries_1,20,932
berries,2,1,N= 2,1/2 Inch,2020-03-16,2020,76,berries_2,20,932
berries,3,1,N= 3,1/2 Inch,2020-03-16,2020,76,berries_3,20,794
vineyard,3,1,N= 1,1/2 Inch,2020-03-16,2020,76,vineyard_1,20,1690
vineyard,2,1,N= 2,1/2 Inch,2020-03-16,2020,76,vineyard_2,20,1311
vineyard,1,1,N= 3,1/2 Inch,2020-03-16,2020,76,vineyard_3,20,1070
vineyard,1,2,N= 4,1/2 Inch,2020-03-16,2020,76,vineyard_4,20,862
vineyard,2,2,N= 5,1/2 Inch,2020-03-16,2020,76,vineyard_5,20,1070
vineyard,3,2,N= 6,1/2 Inch,2020-03-16,2020,76,vineyard_6,20,1346
vineyard,3,3,N= 7,1/2 Inch,2020-03-16,2020,76,vineyard_7,20,1000
vineyard,2,3,N= 8,1/2 Inch,2020-03-16,2020,76,vineyard_8,20,1070
vineyard,1,3,N= 9,1/2 Inch,2020-03-16,2020,76,vineyard_9,20,794
broccoli,1,1,N= 1,1/2 Inch,2020-03-16,2020,76,broccoli_1,22.5,1449
broccoli,1,2,N= 2,1/2 Inch,2020-03-16,2020,76,broccoli_2,22.5,1242
broccoli,1,3,N= 3,1/2 Inch,2020-03-16,2020,76,broccoli_3,22.5,1311
broccoli,1,4,N= 4,1/2 Inch,2020-03-16,2020,76,broccoli_4,22.5,1173
broccoli,1,5,N= 5,1/2 Inch,2020-03-16,2020,76,broccoli_5,22.5,1104
broccoli,2,5,N= 6,1/2 Inch,2020-03-16,2020,76,broccoli_6,22.5,1828
broccoli,2,4,N= 7,1/2 Inch,2020-03-16,2020,76,broccoli_7,22.5,1690
broccoli,2,3,N= 8,1/2 Inch,2020-03-16,2020,76,broccoli_8,22.5,1552
broccoli,2,2,N= 9,1/2 Inch,2020-03-16,2020,76,broccoli_9,22.5,1898
broccoli,2,1,N= 10,1/2 Inch,2020-03-16,2020,76,broccoli_10,22.5,1518
broccoli,3,1,N= 11,1/2 Inch,2020-03-16,2020,76,broccoli_11,22.5,1449
broccoli,3,3,N= 13,1/2 Inch,2020-03-16,2020,76,broccoli_13,22.5,1622
broccoli,3,4,N= 15,1/2 Inch,2020-03-16,2020,76,broccoli_15,22.5,1552
broccoli,3,5,N= 17,1/2 Inch,2020-03-16,2020,76,broccoli_17,22.5,1242
leafbag,2,3,N= 2,1/2 Inch,2020-03-16,2020,76,leafbag_2,22.5,1863
leafbag,3,3,N= 3,1/2 Inch,2020-03-16,2020,76,leafbag_3,22.5,1518
leafbag,4,3,N= 5,1/2 Inch,2020-03-16,2020,76,leafbag_5,22.5,NA
leafbag,4,3,N= 6,1/2 Inch,2020-03-16,2020,76,leafbag_6,22.5,1898
leafbag,5,2,N= 8,1/2 Inch,2020-03-16,2020,76,leafbag_8,22.5,1449
leafbag,4,2,N= 9,1/2 Inch,2020-03-16,2020,76,leafbag_9,22.5,2001
leafbag,3,2,N= 10,1/2 Inch,2020-03-16,2020,76,leafbag_10,22.5,1000
leafbag,2,2,N= 11,1/2 Inch,2020-03-16,2020,76,leafbag_11,22.5,1622
leafbag,1,2,N= 12,1/2 Inch,2020-03-16,2020,76,leafbag_12,22.5,1552
leafbag,1,1,N= 13,1/2 Inch,2020-03-16,2020,76,leafbag_13,22.5,759
leafbag,3,1,N= 14,1/2 Inch,2020-03-16,2020,76,leafbag_14,22.5,656
leafbag,4,1,N= 15,1/2 Inch,2020-03-16,2020,76,leafbag_15,22.5,1587
leafbag,5,1,N= 16,1/2 Inch,2020-03-16,2020,76,leafbag_16,22.5,1518
OG,1,4,N= 1,1/2 Inch,2020-03-16,2020,76,OG_1,22.5,794
OG,2,4,N= 2,1/2 Inch,2020-03-16,2020,76,OG_2,22.5,794
OG,3,4,N= 3,1/2 Inch,2020-03-16,2020,76,OG_3,22.5,966
OG,4,4,N= 4,1/2 Inch,2020-03-16,2020,76,OG_4,22.5,1138
OG,4,4,N= 6,1/2 Inch,2020-03-16,2020,76,OG_6,22.5,NA
OG,4,4,N= 7,1/2 Inch,2020-03-16,2020,76,OG_7,22.5,1484
OG,4,3,N= 8,1/2 Inch,2020-03-16,2020,76,OG_8,22.5,1000
OG,3,3,N= 9,1/2 Inch,2020-03-16,2020,76,OG_9,22.5,1000
OG,2,3,N= 10,1/2 Inch,2020-03-16,2020,76,OG_10,22.5,1070
OG,2,2,N= 11,1/2 Inch,2020-03-16,2020,76,OG_11,22.5,1104
OG,3,2,N= 12,1/2 Inch,2020-03-16,2020,76,OG_12,22.5,862
OG,4,1,N= 14,1/2 Inch,2020-03-16,2020,76,OG_14,22.5,1276
OG,3,1,N= 15,1/2 Inch,2020-03-16,2020,76,OG_15,22.5,1070
OG,2,1,N= 17,1/2 Inch,2020-03-16,2020,76,OG_17,22.5,1000
prairie-trees,2,1,N= 2,1/2 Inch,2020-03-16,2020,76,prairie-trees_2,22.5,1414
prairie-trees,3,1,N= 3,1/2 Inch,2020-03-16,2020,76,prairie-trees_3,22.5,1311
prairie-trees,3,2,N= 4,1/2 Inch,2020-03-16,2020,76,prairie-trees_4,22.5,1242
prairie-trees,3,3,N= 5,1/2 Inch,2020-03-16,2020,76,prairie-trees_5,22.5,794
prairie-trees,3,4,N= 6,1/2 Inch,2020-03-16,2020,76,prairie-trees_6,22.5,1070
prairie-trees,3,5,N= 7,1/2 Inch,2020-03-16,2020,76,prairie-trees_7,22.5,1276
berries,1,1,N= 1,1/2 Inch,2020-03-16,2020,76,berries_1,22.5,932
berries,2,1,N= 2,1/2 Inch,2020-03-16,2020,76,berries_2,22.5,1000
berries,3,1,N= 3,1/2 Inch,2020-03-16,2020,76,berries_3,22.5,1138
vineyard,3,1,N= 1,1/2 Inch,2020-03-16,2020,76,vineyard_1,22.5,2001
vineyard,2,1,N= 2,1/2 Inch,2020-03-16,2020,76,vineyard_2,22.5,1690
vineyard,1,1,N= 3,1/2 Inch,2020-03-16,2020,76,vineyard_3,22.5,1138
vineyard,1,2,N= 4,1/2 Inch,2020-03-16,2020,76,vineyard_4,22.5,828
vineyard,2,2,N= 5,1/2 Inch,2020-03-16,2020,76,vineyard_5,22.5,1173
vineyard,3,2,N= 6,1/2 Inch,2020-03-16,2020,76,vineyard_6,22.5,1346
vineyard,3,3,N= 7,1/2 Inch,2020-03-16,2020,76,vineyard_7,22.5,897
vineyard,2,3,N= 8,1/2 Inch,2020-03-16,2020,76,vineyard_8,22.5,1208
vineyard,1,3,N= 9,1/2 Inch,2020-03-16,2020,76,vineyard_9,22.5,932
broccoli,1,1,N= 1,1/2 Inch,2020-03-16,2020,76,broccoli_1,25,1449
broccoli,1,2,N= 2,1/2 Inch,2020-03-16,2020,76,broccoli_2,25,NA
broccoli,1,3,N= 3,1/2 Inch,2020-03-16,2020,76,broccoli_3,25,1518
broccoli,1,4,N= 4,1/2 Inch,2020-03-16,2020,76,broccoli_4,25,1138
broccoli,1,5,N= 5,1/2 Inch,2020-03-16,2020,76,broccoli_5,25,1276
broccoli,2,5,N= 6,1/2 Inch,2020-03-16,2020,76,broccoli_6,25,1760
broccoli,2,4,N= 7,1/2 Inch,2020-03-16,2020,76,broccoli_7,25,1449
broccoli,2,3,N= 8,1/2 Inch,2020-03-16,2020,76,broccoli_8,25,1242
broccoli,2,2,N= 9,1/2 Inch,2020-03-16,2020,76,broccoli_9,25,2036
broccoli,2,1,N= 10,1/2 Inch,2020-03-16,2020,76,broccoli_10,25,1484
broccoli,3,1,N= 11,1/2 Inch,2020-03-16,2020,76,broccoli_11,25,1242
broccoli,3,3,N= 13,1/2 Inch,2020-03-16,2020,76,broccoli_13,25,1518
broccoli,3,4,N= 15,1/2 Inch,2020-03-16,2020,76,broccoli_15,25,1276
broccoli,3,5,N= 17,1/2 Inch,2020-03-16,2020,76,broccoli_17,25,1138
leafbag,2,3,N= 2,1/2 Inch,2020-03-16,2020,76,leafbag_2,25,2277
leafbag,3,3,N= 3,1/2 Inch,2020-03-16,2020,76,leafbag_3,25,1484
leafbag,4,3,N= 5,1/2 Inch,2020-03-16,2020,76,leafbag_5,25,NA
leafbag,4,3,N= 6,1/2 Inch,2020-03-16,2020,76,leafbag_6,25,2208
leafbag,5,2,N= 8,1/2 Inch,2020-03-16,2020,76,leafbag_8,25,1138
leafbag,4,2,N= 9,1/2 Inch,2020-03-16,2020,76,leafbag_9,25,1966
leafbag,3,2,N= 10,1/2 Inch,2020-03-16,2020,76,leafbag_10,25,1104
leafbag,2,2,N= 11,1/2 Inch,2020-03-16,2020,76,leafbag_11,25,1484
leafbag,1,2,N= 12,1/2 Inch,2020-03-16,2020,76,leafbag_12,25,1552
leafbag,1,1,N= 13,1/2 Inch,2020-03-16,2020,76,leafbag_13,25,932
leafbag,3,1,N= 14,1/2 Inch,2020-03-16,2020,76,leafbag_14,25,862
leafbag,4,1,N= 15,1/2 Inch,2020-03-16,2020,76,leafbag_15,25,1484
leafbag,5,1,N= 16,1/2 Inch,2020-03-16,2020,76,leafbag_16,25,1311
OG,1,4,N= 1,1/2 Inch,2020-03-16,2020,76,OG_1,25,759
OG,2,4,N= 2,1/2 Inch,2020-03-16,2020,76,OG_2,25,1346
OG,3,4,N= 3,1/2 Inch,2020-03-16,2020,76,OG_3,25,966
OG,4,4,N= 4,1/2 Inch,2020-03-16,2020,76,OG_4,25,1138
OG,4,4,N= 6,1/2 Inch,2020-03-16,2020,76,OG_6,25,NA
OG,4,4,N= 7,1/2 Inch,2020-03-16,2020,76,OG_7,25,1449
OG,4,3,N= 8,1/2 Inch,2020-03-16,2020,76,OG_8,25,1173
OG,3,3,N= 9,1/2 Inch,2020-03-16,2020,76,OG_9,25,759
OG,2,3,N= 10,1/2 Inch,2020-03-16,2020,76,OG_10,25,1000
OG,2,2,N= 11,1/2 Inch,2020-03-16,2020,76,OG_11,25,1104
OG,3,2,N= 12,1/2 Inch,2020-03-16,2020,76,OG_12,25,828
OG,4,1,N= 14,1/2 Inch,2020-03-16,2020,76,OG_14,25,1173
OG,3,1,N= 15,1/2 Inch,2020-03-16,2020,76,OG_15,25,932
OG,2,1,N= 17,1/2 Inch,2020-03-16,2020,76,OG_17,25,1173
prairie-trees,2,1,N= 2,1/2 Inch,2020-03-16,2020,76,prairie-trees_2,25,1414
prairie-trees,3,1,N= 3,1/2 Inch,2020-03-16,2020,76,prairie-trees_3,25,1276
prairie-trees,3,2,N= 4,1/2 Inch,2020-03-16,2020,76,prairie-trees_4,25,1138
prairie-trees,3,3,N= 5,1/2 Inch,2020-03-16,2020,76,prairie-trees_5,25,897
prairie-trees,3,4,N= 6,1/2 Inch,2020-03-16,2020,76,prairie-trees_6,25,932
prairie-trees,3,5,N= 7,1/2 Inch,2020-03-16,2020,76,prairie-trees_7,25,1208
berries,1,1,N= 1,1/2 Inch,2020-03-16,2020,76,berries_1,25,1104
berries,2,1,N= 2,1/2 Inch,2020-03-16,2020,76,berries_2,25,1104
berries,3,1,N= 3,1/2 Inch,2020-03-16,2020,76,berries_3,25,1070
vineyard,3,1,N= 1,1/2 Inch,2020-03-16,2020,76,vineyard_1,25,1898
vineyard,2,1,N= 2,1/2 Inch,2020-03-16,2020,76,vineyard_2,25,1552
vineyard,1,1,N= 3,1/2 Inch,2020-03-16,2020,76,vineyard_3,25,1104
vineyard,1,2,N= 4,1/2 Inch,2020-03-16,2020,76,vineyard_4,25,794
vineyard,2,2,N= 5,1/2 Inch,2020-03-16,2020,76,vineyard_5,25,1346
vineyard,3,2,N= 6,1/2 Inch,2020-03-16,2020,76,vineyard_6,25,1346
vineyard,3,3,N= 7,1/2 Inch,2020-03-16,2020,76,vineyard_7,25,862
vineyard,2,3,N= 8,1/2 Inch,2020-03-16,2020,76,vineyard_8,25,1070
vineyard,1,3,N= 9,1/2 Inch,2020-03-16,2020,76,vineyard_9,25,1000
broccoli,1,1,N= 1,1/2 Inch,2020-03-16,2020,76,broccoli_1,27.5,1414
broccoli,1,2,N= 2,1/2 Inch,2020-03-16,2020,76,broccoli_2,27.5,NA
broccoli,1,3,N= 3,1/2 Inch,2020-03-16,2020,76,broccoli_3,27.5,1414
broccoli,1,4,N= 4,1/2 Inch,2020-03-16,2020,76,broccoli_4,27.5,1208
broccoli,1,5,N= 5,1/2 Inch,2020-03-16,2020,76,broccoli_5,27.5,1414
broccoli,2,5,N= 6,1/2 Inch,2020-03-16,2020,76,broccoli_6,27.5,2036
broccoli,2,4,N= 7,1/2 Inch,2020-03-16,2020,76,broccoli_7,27.5,1138
broccoli,2,3,N= 8,1/2 Inch,2020-03-16,2020,76,broccoli_8,27.5,1208
broccoli,2,2,N= 9,1/2 Inch,2020-03-16,2020,76,broccoli_9,27.5,1760
broccoli,2,1,N= 10,1/2 Inch,2020-03-16,2020,76,broccoli_10,27.5,1449
broccoli,3,1,N= 11,1/2 Inch,2020-03-16,2020,76,broccoli_11,27.5,1276
broccoli,3,3,N= 13,1/2 Inch,2020-03-16,2020,76,broccoli_13,27.5,1518
broccoli,3,4,N= 15,1/2 Inch,2020-03-16,2020,76,broccoli_15,27.5,1070
broccoli,3,5,N= 17,1/2 Inch,2020-03-16,2020,76,broccoli_17,27.5,1000
leafbag,2,3,N= 2,1/2 Inch,2020-03-16,2020,76,leafbag_2,27.5,2277
leafbag,3,3,N= 3,1/2 Inch,2020-03-16,2020,76,leafbag_3,27.5,1242
leafbag,4,3,N= 5,1/2 Inch,2020-03-16,2020,76,leafbag_5,27.5,NA
leafbag,4,3,N= 6,1/2 Inch,2020-03-16,2020,76,leafbag_6,27.5,2691
leafbag,5,2,N= 8,1/2 Inch,2020-03-16,2020,76,leafbag_8,27.5,1173
leafbag,4,2,N= 9,1/2 Inch,2020-03-16,2020,76,leafbag_9,27.5,1828
leafbag,3,2,N= 10,1/2 Inch,2020-03-16,2020,76,leafbag_10,27.5,1138
leafbag,2,2,N= 11,1/2 Inch,2020-03-16,2020,76,leafbag_11,27.5,1276
leafbag,1,2,N= 12,1/2 Inch,2020-03-16,2020,76,leafbag_12,27.5,1587
leafbag,1,1,N= 13,1/2 Inch,2020-03-16,2020,76,leafbag_13,27.5,1000
leafbag,3,1,N= 14,1/2 Inch,2020-03-16,2020,76,leafbag_14,27.5,1000
leafbag,4,1,N= 15,1/2 Inch,2020-03-16,2020,76,leafbag_15,27.5,1552
leafbag,5,1,N= 16,1/2 Inch,2020-03-16,2020,76,leafbag_16,27.5,1173
OG,1,4,N= 1,1/2 Inch,2020-03-16,2020,76,OG_1,27.5,862
OG,2,4,N= 2,1/2 Inch,2020-03-16,2020,76,OG_2,27.5,1449
OG,3,4,N= 3,1/2 Inch,2020-03-16,2020,76,OG_3,27.5,966
OG,4,4,N= 4,1/2 Inch,2020-03-16,2020,76,OG_4,27.5,1173
OG,4,4,N= 6,1/2 Inch,2020-03-16,2020,76,OG_6,27.5,NA
OG,4,4,N= 7,1/2 Inch,2020-03-16,2020,76,OG_7,27.5,1311
OG,4,3,N= 8,1/2 Inch,2020-03-16,2020,76,OG_8,27.5,1104
OG,3,3,N= 9,1/2 Inch,2020-03-16,2020,76,OG_9,27.5,794
OG,2,3,N= 10,1/2 Inch,2020-03-16,2020,76,OG_10,27.5,1070
OG,2,2,N= 11,1/2 Inch,2020-03-16,2020,76,OG_11,27.5,1104
OG,3,2,N= 12,1/2 Inch,2020-03-16,2020,76,OG_12,27.5,862
OG,4,1,N= 14,1/2 Inch,2020-03-16,2020,76,OG_14,27.5,1242
OG,3,1,N= 15,1/2 Inch,2020-03-16,2020,76,OG_15,27.5,897
OG,2,1,N= 17,1/2 Inch,2020-03-16,2020,76,OG_17,27.5,1104
prairie-trees,2,1,N= 2,1/2 Inch,2020-03-16,2020,76,prairie-trees_2,27.5,1276
prairie-trees,3,1,N= 3,1/2 Inch,2020-03-16,2020,76,prairie-trees_3,27.5,1276
prairie-trees,3,2,N= 4,1/2 Inch,2020-03-16,2020,76,prairie-trees_4,27.5,1104
prairie-trees,3,3,N= 5,1/2 Inch,2020-03-16,2020,76,prairie-trees_5,27.5,897
prairie-trees,3,4,N= 6,1/2 Inch,2020-03-16,2020,76,prairie-trees_6,27.5,1242
prairie-trees,3,5,N= 7,1/2 Inch,2020-03-16,2020,76,prairie-trees_7,27.5,1276
berries,1,1,N= 1,1/2 Inch,2020-03-16,2020,76,berries_1,27.5,1070
berries,2,1,N= 2,1/2 Inch,2020-03-16,2020,76,berries_2,27.5,966
berries,3,1,N= 3,1/2 Inch,2020-03-16,2020,76,berries_3,27.5,1070
vineyard,3,1,N= 1,1/2 Inch,2020-03-16,2020,76,vineyard_1,27.5,2139
vineyard,2,1,N= 2,1/2 Inch,2020-03-16,2020,76,vineyard_2,27.5,1346
vineyard,1,1,N= 3,1/2 Inch,2020-03-16,2020,76,vineyard_3,27.5,1104
vineyard,1,2,N= 4,1/2 Inch,2020-03-16,2020,76,vineyard_4,27.5,897
vineyard,2,2,N= 5,1/2 Inch,2020-03-16,2020,76,vineyard_5,27.5,1311
vineyard,3,2,N= 6,1/2 Inch,2020-03-16,2020,76,vineyard_6,27.5,1276
vineyard,3,3,N= 7,1/2 Inch,2020-03-16,2020,76,vineyard_7,27.5,828
vineyard,2,3,N= 8,1/2 Inch,2020-03-16,2020,76,vineyard_8,27.5,966
vineyard,1,3,N= 9,1/2 Inch,2020-03-16,2020,76,vineyard_9,27.5,897
broccoli,1,1,N= 1,1/2 Inch,2020-03-16,2020,76,broccoli_1,30,1552
broccoli,1,2,N= 2,1/2 Inch,2020-03-16,2020,76,broccoli_2,30,NA
broccoli,1,3,N= 3,1/2 Inch,2020-03-16,2020,76,broccoli_3,30,1276
broccoli,1,4,N= 4,1/2 Inch,2020-03-16,2020,76,broccoli_4,30,1070
broccoli,1,5,N= 5,1/2 Inch,2020-03-16,2020,76,broccoli_5,30,1414
broccoli,2,5,N= 6,1/2 Inch,2020-03-16,2020,76,broccoli_6,30,2104
broccoli,2,4,N= 7,1/2 Inch,2020-03-16,2020,76,broccoli_7,30,1070
broccoli,2,3,N= 8,1/2 Inch,2020-03-16,2020,76,broccoli_8,30,1208
broccoli,2,2,N= 9,1/2 Inch,2020-03-16,2020,76,broccoli_9,30,1552
broccoli,2,1,N= 10,1/2 Inch,2020-03-16,2020,76,broccoli_10,30,1484
broccoli,3,1,N= 11,1/2 Inch,2020-03-16,2020,76,broccoli_11,30,1208
broccoli,3,3,N= 13,1/2 Inch,2020-03-16,2020,76,broccoli_13,30,1414
broccoli,3,4,N= 15,1/2 Inch,2020-03-16,2020,76,broccoli_15,30,1070
broccoli,3,5,N= 17,1/2 Inch,2020-03-16,2020,76,broccoli_17,30,862
leafbag,2,3,N= 2,1/2 Inch,2020-03-16,2020,76,leafbag_2,30,1898
leafbag,3,3,N= 3,1/2 Inch,2020-03-16,2020,76,leafbag_3,30,1208
leafbag,4,3,N= 5,1/2 Inch,2020-03-16,2020,76,leafbag_5,30,NA
leafbag,4,3,N= 6,1/2 Inch,2020-03-16,2020,76,leafbag_6,30,2312
leafbag,5,2,N= 8,1/2 Inch,2020-03-16,2020,76,leafbag_8,30,1208
leafbag,4,2,N= 9,1/2 Inch,2020-03-16,2020,76,leafbag_9,30,1414
leafbag,3,2,N= 10,1/2 Inch,2020-03-16,2020,76,leafbag_10,30,1104
leafbag,2,2,N= 11,1/2 Inch,2020-03-16,2020,76,leafbag_11,30,1208
leafbag,1,2,N= 12,1/2 Inch,2020-03-16,2020,76,leafbag_12,30,1311
leafbag,1,1,N= 13,1/2 Inch,2020-03-16,2020,76,leafbag_13,30,1828
leafbag,3,1,N= 14,1/2 Inch,2020-03-16,2020,76,leafbag_14,30,932
leafbag,4,1,N= 15,1/2 Inch,2020-03-16,2020,76,leafbag_15,30,1414
leafbag,5,1,N= 16,1/2 Inch,2020-03-16,2020,76,leafbag_16,30,1208
OG,1,4,N= 1,1/2 Inch,2020-03-16,2020,76,OG_1,30,932
OG,2,4,N= 2,1/2 Inch,2020-03-16,2020,76,OG_2,30,1552
OG,3,4,N= 3,1/2 Inch,2020-03-16,2020,76,OG_3,30,1208
OG,4,4,N= 4,1/2 Inch,2020-03-16,2020,76,OG_4,30,1242
OG,4,4,N= 6,1/2 Inch,2020-03-16,2020,76,OG_6,30,NA
OG,4,4,N= 7,1/2 Inch,2020-03-16,2020,76,OG_7,30,1276
OG,4,3,N= 8,1/2 Inch,2020-03-16,2020,76,OG_8,30,1552
OG,3,3,N= 9,1/2 Inch,2020-03-16,2020,76,OG_9,30,794
OG,2,3,N= 10,1/2 Inch,2020-03-16,2020,76,OG_10,30,966
OG,2,2,N= 11,1/2 Inch,2020-03-16,2020,76,OG_11,30,1070
OG,3,2,N= 12,1/2 Inch,2020-03-16,2020,76,OG_12,30,NA
OG,4,1,N= 14,1/2 Inch,2020-03-16,2020,76,OG_14,30,1104
OG,3,1,N= 15,1/2 Inch,2020-03-16,2020,76,OG_15,30,862
OG,2,1,N= 17,1/2 Inch,2020-03-16,2020,76,OG_17,30,897
prairie-trees,2,1,N= 2,1/2 Inch,2020-03-16,2020,76,prairie-trees_2,30,1070
prairie-trees,3,1,N= 3,1/2 Inch,2020-03-16,2020,76,prairie-trees_3,30,1311
prairie-trees,3,2,N= 4,1/2 Inch,2020-03-16,2020,76,prairie-trees_4,30,1104
prairie-trees,3,3,N= 5,1/2 Inch,2020-03-16,2020,76,prairie-trees_5,30,862
prairie-trees,3,4,N= 6,1/2 Inch,2020-03-16,2020,76,prairie-trees_6,30,1208
prairie-trees,3,5,N= 7,1/2 Inch,2020-03-16,2020,76,prairie-trees_7,30,1242
berries,1,1,N= 1,1/2 Inch,2020-03-16,2020,76,berries_1,30,1070
berries,2,1,N= 2,1/2 Inch,2020-03-16,2020,76,berries_2,30,932
berries,3,1,N= 3,1/2 Inch,2020-03-16,2020,76,berries_3,30,1000
vineyard,3,1,N= 1,1/2 Inch,2020-03-16,2020,76,vineyard_1,30,2174
vineyard,2,1,N= 2,1/2 Inch,2020-03-16,2020,76,vineyard_2,30,1346
vineyard,1,1,N= 3,1/2 Inch,2020-03-16,2020,76,vineyard_3,30,1104
vineyard,1,2,N= 4,1/2 Inch,2020-03-16,2020,76,vineyard_4,30,759
vineyard,2,2,N= 5,1/2 Inch,2020-03-16,2020,76,vineyard_5,30,1346
vineyard,3,2,N= 6,1/2 Inch,2020-03-16,2020,76,vineyard_6,30,1208
vineyard,3,3,N= 7,1/2 Inch,2020-03-16,2020,76,vineyard_7,30,897
vineyard,2,3,N= 8,1/2 Inch,2020-03-16,2020,76,vineyard_8,30,966
vineyard,1,3,N= 9,1/2 Inch,2020-03-16,2020,76,vineyard_9,30,897
broccoli,1,1,N= 1,1/2 Inch,2020-03-16,2020,76,broccoli_1,32.5,1414
broccoli,1,2,N= 2,1/2 Inch,2020-03-16,2020,76,broccoli_2,32.5,NA
broccoli,1,3,N= 3,1/2 Inch,2020-03-16,2020,76,broccoli_3,32.5,1208
broccoli,1,4,N= 4,1/2 Inch,2020-03-16,2020,76,broccoli_4,32.5,1138
broccoli,1,5,N= 5,1/2 Inch,2020-03-16,2020,76,broccoli_5,32.5,1414
broccoli,2,5,N= 6,1/2 Inch,2020-03-16,2020,76,broccoli_6,32.5,1828
broccoli,2,4,N= 7,1/2 Inch,2020-03-16,2020,76,broccoli_7,32.5,1138
broccoli,2,3,N= 8,1/2 Inch,2020-03-16,2020,76,broccoli_8,32.5,1208
broccoli,2,2,N= 9,1/2 Inch,2020-03-16,2020,76,broccoli_9,32.5,1656
broccoli,2,1,N= 10,1/2 Inch,2020-03-16,2020,76,broccoli_10,32.5,1242
broccoli,3,1,N= 11,1/2 Inch,2020-03-16,2020,76,broccoli_11,32.5,1104
broccoli,3,3,N= 13,1/2 Inch,2020-03-16,2020,76,broccoli_13,32.5,1173
broccoli,3,4,N= 15,1/2 Inch,2020-03-16,2020,76,broccoli_15,32.5,1242
broccoli,3,5,N= 17,1/2 Inch,2020-03-16,2020,76,broccoli_17,32.5,932
leafbag,2,3,N= 2,1/2 Inch,2020-03-16,2020,76,leafbag_2,32.5,1622
leafbag,3,3,N= 3,1/2 Inch,2020-03-16,2020,76,leafbag_3,32.5,1208
leafbag,4,3,N= 5,1/2 Inch,2020-03-16,2020,76,leafbag_5,32.5,NA
leafbag,4,3,N= 6,1/2 Inch,2020-03-16,2020,76,leafbag_6,32.5,NA
leafbag,5,2,N= 8,1/2 Inch,2020-03-16,2020,76,leafbag_8,32.5,1449
leafbag,4,2,N= 9,1/2 Inch,2020-03-16,2020,76,leafbag_9,32.5,1242
leafbag,3,2,N= 10,1/2 Inch,2020-03-16,2020,76,leafbag_10,32.5,1138
leafbag,2,2,N= 11,1/2 Inch,2020-03-16,2020,76,leafbag_11,32.5,1208
leafbag,1,2,N= 12,1/2 Inch,2020-03-16,2020,76,leafbag_12,32.5,1346
leafbag,1,1,N= 13,1/2 Inch,2020-03-16,2020,76,leafbag_13,32.5,1414
leafbag,3,1,N= 14,1/2 Inch,2020-03-16,2020,76,leafbag_14,32.5,932
leafbag,4,1,N= 15,1/2 Inch,2020-03-16,2020,76,leafbag_15,32.5,1414
leafbag,5,1,N= 16,1/2 Inch,2020-03-16,2020,76,leafbag_16,32.5,1311
OG,1,4,N= 1,1/2 Inch,2020-03-16,2020,76,OG_1,32.5,932
OG,2,4,N= 2,1/2 Inch,2020-03-16,2020,76,OG_2,32.5,1518
OG,3,4,N= 3,1/2 Inch,2020-03-16,2020,76,OG_3,32.5,1173
OG,4,4,N= 4,1/2 Inch,2020-03-16,2020,76,OG_4,32.5,1138
OG,4,4,N= 6,1/2 Inch,2020-03-16,2020,76,OG_6,32.5,NA
OG,4,4,N= 7,1/2 Inch,2020-03-16,2020,76,OG_7,32.5,1138
OG,4,3,N= 8,1/2 Inch,2020-03-16,2020,76,OG_8,32.5,1449
OG,3,3,N= 9,1/2 Inch,2020-03-16,2020,76,OG_9,32.5,586
OG,2,3,N= 10,1/2 Inch,2020-03-16,2020,76,OG_10,32.5,897
OG,2,2,N= 11,1/2 Inch,2020-03-16,2020,76,OG_11,32.5,1000
OG,3,2,N= 12,1/2 Inch,2020-03-16,2020,76,OG_12,32.5,NA
OG,4,1,N= 14,1/2 Inch,2020-03-16,2020,76,OG_14,32.5,1000
OG,3,1,N= 15,1/2 Inch,2020-03-16,2020,76,OG_15,32.5,828
OG,2,1,N= 17,1/2 Inch,2020-03-16,2020,76,OG_17,32.5,862
prairie-trees,2,1,N= 2,1/2 Inch,2020-03-16,2020,76,prairie-trees_2,32.5,1070
prairie-trees,3,1,N= 3,1/2 Inch,2020-03-16,2020,76,prairie-trees_3,32.5,1276
prairie-trees,3,2,N= 4,1/2 Inch,2020-03-16,2020,76,prairie-trees_4,32.5,1070
prairie-trees,3,3,N= 5,1/2 Inch,2020-03-16,2020,76,prairie-trees_5,32.5,932
prairie-trees,3,4,N= 6,1/2 Inch,2020-03-16,2020,76,prairie-trees_6,32.5,1208
prairie-trees,3,5,N= 7,1/2 Inch,2020-03-16,2020,76,prairie-trees_7,32.5,1276
berries,1,1,N= 1,1/2 Inch,2020-03-16,2020,76,berries_1,32.5,1138
berries,2,1,N= 2,1/2 Inch,2020-03-16,2020,76,berries_2,32.5,1104
berries,3,1,N= 3,1/2 Inch,2020-03-16,2020,76,berries_3,32.5,966
vineyard,3,1,N= 1,1/2 Inch,2020-03-16,2020,76,vineyard_1,32.5,2277
vineyard,2,1,N= 2,1/2 Inch,2020-03-16,2020,76,vineyard_2,32.5,1173
vineyard,1,1,N= 3,1/2 Inch,2020-03-16,2020,76,vineyard_3,32.5,1104
vineyard,1,2,N= 4,1/2 Inch,2020-03-16,2020,76,vineyard_4,32.5,759
vineyard,2,2,N= 5,1/2 Inch,2020-03-16,2020,76,vineyard_5,32.5,NA
vineyard,3,2,N= 6,1/2 Inch,2020-03-16,2020,76,vineyard_6,32.5,1242
vineyard,3,3,N= 7,1/2 Inch,2020-03-16,2020,76,vineyard_7,32.5,932
vineyard,2,3,N= 8,1/2 Inch,2020-03-16,2020,76,vineyard_8,32.5,1070
vineyard,1,3,N= 9,1/2 Inch,2020-03-16,2020,76,vineyard_9,32.5,1104
